<?xml version="1.0" encoding="UTF-8"?>
<GenRun Id="impl_1" LaunchPart="xc7a100tcsg324-1" LaunchTime="1508094260">
  <File Type="ROUTE-STATUS-PB" Name="mips_fpga_route_status.pb"/>
  <File Type="PA-TCL" Name="mips_fpga.tcl"/>
  <File Type="OPT-DCP" Name="mips_fpga_opt.dcp"/>
  <File Type="INIT-TIMING" Name="mips_fpga_timing_summary_init.rpt"/>
  <File Type="OPT-METHODOLOGY-DRC" Name="mips_fpga_methodology_drc_opted.rpt"/>
  <File Type="RDI-RDI" Name="mips_fpga.vdi"/>
  <File Type="PWROPT-DRC" Name="mips_fpga_drc_pwropted.rpt"/>
  <File Type="OPT-DRC" Name="mips_fpga_drc_opted.rpt"/>
  <File Type="PWROPT-DCP" Name="mips_fpga_pwropt.dcp"/>
  <File Type="OPT-HWDEF" Name="mips_fpga.hwdef"/>
  <File Type="OPT-TIMING" Name="mips_fpga_timing_summary_opted.rpt"/>
  <File Type="PWROPT-TIMING" Name="mips_fpga_timing_summary_pwropted.rpt"/>
  <File Type="PLACE-DCP" Name="mips_fpga_placed.dcp"/>
  <File Type="PLACE-IO" Name="mips_fpga_io_placed.rpt"/>
  <File Type="PLACE-CLK" Name="mips_fpga_clock_utilization_placed.rpt"/>
  <File Type="PLACE-UTIL" Name="mips_fpga_utilization_placed.rpt"/>
  <File Type="PLACE-UTIL-PB" Name="mips_fpga_utilization_placed.pb"/>
  <File Type="PLACE-CTRL" Name="mips_fpga_control_sets_placed.rpt"/>
  <File Type="PLACE-SIMILARITY" Name="mips_fpga_incremental_reuse_placed.rpt"/>
  <File Type="PLACE-PRE-SIMILARITY" Name="mips_fpga_incremental_reuse_pre_placed.rpt"/>
  <File Type="PLACE-TIMING" Name="mips_fpga_timing_summary_placed.rpt"/>
  <File Type="POSTPLACE-PWROPT-DCP" Name="mips_fpga_postplace_pwropt.dcp"/>
  <File Type="POSTPLACE-PWROPT-TIMING" Name="mips_fpga_timing_summary_postplace_pwropted.rpt"/>
  <File Type="PHYSOPT-DCP" Name="mips_fpga_physopt.dcp"/>
  <File Type="PHYSOPT-DRC" Name="mips_fpga_drc_physopted.rpt"/>
  <File Type="PHYSOPT-TIMING" Name="mips_fpga_timing_summary_physopted.rpt"/>
  <File Type="ROUTE-DCP" Name="mips_fpga_routed.dcp"/>
  <File Type="ROUTE-BLACKBOX-DCP" Name="mips_fpga_routed_bb.dcp"/>
  <File Type="ROUTE-DRC" Name="mips_fpga_drc_routed.rpt"/>
  <File Type="ROUTE-DRC-PB" Name="mips_fpga_drc_routed.pb"/>
  <File Type="ROUTE-METHODOLOGY-DRC" Name="mips_fpga_methodology_drc_routed.rpt"/>
  <File Type="ROUTE-METHODOLOGY-DRC-PB" Name="mips_fpga_methodology_drc_routed.pb"/>
  <File Type="BG-BIT" Name="mips_fpga.bit"/>
  <File Type="ROUTE-PWR" Name="mips_fpga_power_routed.rpt"/>
  <File Type="ROUTE-PWR-SUM" Name="mips_fpga_power_summary_routed.pb"/>
  <File Type="ROUTE-PWR-RPX" Name="mips_fpga_power_routed.rpx"/>
  <File Type="ROUTE-STATUS" Name="mips_fpga_route_status.rpt"/>
  <File Type="ROUTE-TIMINGSUMMARY" Name="mips_fpga_timing_summary_routed.rpt"/>
  <File Type="ROUTE-TIMING-PB" Name="mips_fpga_timing_summary_routed.pb"/>
  <File Type="ROUTE-TIMING-RPX" Name="mips_fpga_timing_summary_routed.rpx"/>
  <File Type="ROUTE-SIMILARITY" Name="mips_fpga_incremental_reuse_routed.rpt"/>
  <File Type="ROUTE-CLK" Name="mips_fpga_clock_utilization_routed.rpt"/>
  <File Type="POSTROUTE-PHYSOPT-DCP" Name="mips_fpga_postroute_physopt.dcp"/>
  <File Type="POSTROUTE-PHYSOPT-BLACKBOX-DCP" Name="mips_fpga_postroute_physopt_bb.dcp"/>
  <File Type="POSTROUTE-PHYSOPT-TIMING" Name="mips_fpga_timing_summary_postroute_physopted.rpt"/>
  <File Type="POSTROUTE-PHYSOPT-TIMING-PB" Name="mips_fpga_timing_summary_postroute_physopted.pb"/>
  <File Type="POSTROUTE-PHYSOPT-TIMING-RPX" Name="mips_fpga_timing_summary_postroute_physopted.rpx"/>
  <File Type="BG-BIN" Name="mips_fpga.bin"/>
  <File Type="BITSTR-MSK" Name="mips_fpga.msk"/>
  <File Type="BITSTR-RBT" Name="mips_fpga.rbt"/>
  <File Type="BITSTR-NKY" Name="mips_fpga.nky"/>
  <File Type="BITSTR-BMM" Name="mips_fpga_bd.bmm"/>
  <File Type="BITSTR-MMI" Name="mips_fpga.mmi"/>
  <File Type="BITSTR-SYSDEF" Name="mips_fpga.sysdef"/>
  <File Type="BG-BGN" Name="mips_fpga.bgn"/>
  <File Type="BG-DRC" Name="mips_fpga.drc"/>
  <File Type="WBT-USG" Name="usage_statistics_webtalk.html"/>
  <FileSet Name="sources" Type="DesignSrcs" RelSrcDir="$PSRCDIR/sources_1">
    <Filter Type="Srcs"/>
    <File Path="$PSRCDIR/sources_1/new/cu_parts.v">
      <FileInfo>
        <Attr Name="UsedIn" Val="synthesis"/>
        <Attr Name="UsedIn" Val="implementation"/>
        <Attr Name="UsedIn" Val="simulation"/>
      </FileInfo>
    </File>
    <File Path="$PSRCDIR/sources_1/new/dp_parts.v">
      <FileInfo>
        <Attr Name="UsedIn" Val="synthesis"/>
        <Attr Name="UsedIn" Val="implementation"/>
        <Attr Name="UsedIn" Val="simulation"/>
      </FileInfo>
    </File>
    <File Path="$PSRCDIR/sources_1/new/controlunit.v">
      <FileInfo>
        <Attr Name="UsedIn" Val="synthesis"/>
        <Attr Name="UsedIn" Val="implementation"/>
        <Attr Name="UsedIn" Val="simulation"/>
      </FileInfo>
    </File>
    <File Path="$PSRCDIR/sources_1/new/datapath.v">
      <FileInfo>
        <Attr Name="UsedIn" Val="synthesis"/>
        <Attr Name="UsedIn" Val="implementation"/>
        <Attr Name="UsedIn" Val="simulation"/>
      </FileInfo>
    </File>
    <File Path="$PSRCDIR/sources_1/new/utility.v">
      <FileInfo>
        <Attr Name="UsedIn" Val="synthesis"/>
        <Attr Name="UsedIn" Val="implementation"/>
        <Attr Name="UsedIn" Val="simulation"/>
      </FileInfo>
    </File>
    <File Path="$PSRCDIR/sources_1/new/mem_parts.v">
      <FileInfo>
        <Attr Name="UsedIn" Val="synthesis"/>
        <Attr Name="UsedIn" Val="implementation"/>
        <Attr Name="UsedIn" Val="simulation"/>
      </FileInfo>
    </File>
    <File Path="$PSRCDIR/sources_1/new/mips.v">
      <FileInfo>
        <Attr Name="UsedIn" Val="synthesis"/>
        <Attr Name="UsedIn" Val="implementation"/>
        <Attr Name="UsedIn" Val="simulation"/>
      </FileInfo>
    </File>
    <File Path="$PSRCDIR/sources_1/new/mips_fpga.v">
      <FileInfo>
        <Attr Name="UsedIn" Val="synthesis"/>
        <Attr Name="UsedIn" Val="implementation"/>
        <Attr Name="UsedIn" Val="simulation"/>
      </FileInfo>
    </File>
    <File Path="$PSRCDIR/sources_1/new/mips_top.v">
      <FileInfo>
        <Attr Name="AutoDisabled" Val="1"/>
        <Attr Name="UsedIn" Val="synthesis"/>
        <Attr Name="UsedIn" Val="implementation"/>
        <Attr Name="UsedIn" Val="simulation"/>
      </FileInfo>
    </File>
    <Config>
      <Option Name="DesignMode" Val="RTL"/>
      <Option Name="TopModule" Val="mips_fpga"/>
    </Config>
  </FileSet>
  <FileSet Name="constrs_in" Type="Constrs" RelSrcDir="$PSRCDIR/constrs_1">
    <Filter Type="Constrs"/>
    <File Path="$PSRCDIR/constrs_1/new/mips_fpga.xdc">
      <FileInfo>
        <Attr Name="UsedIn" Val="synthesis"/>
        <Attr Name="UsedIn" Val="implementation"/>
      </FileInfo>
    </File>
    <Config>
      <Option Name="ConstrsType" Val="XDC"/>
    </Config>
  </FileSet>
  <Strategy Version="1" Minor="2">
    <StratHandle Name="Vivado Implementation Defaults" Flow="Vivado Implementation 2016"/>
    <Step Id="init_design"/>
    <Step Id="opt_design"/>
    <Step Id="power_opt_design"/>
    <Step Id="place_design"/>
    <Step Id="post_place_power_opt_design"/>
    <Step Id="phys_opt_design"/>
    <Step Id="route_design"/>
    <Step Id="post_route_phys_opt_design"/>
    <Step Id="write_bitstream"/>
  </Strategy>
</GenRun>
