<?xml version="1.0" encoding="UTF-8"?>
<GenRun Id="impl_1" LaunchPart="xc7a100tcsg324-2" LaunchTime="1505111229">
  <File Type="OPT-DCP" Name="Factorial_fpga_opt.dcp"/>
  <File Type="ROUTE-STATUS-PB" Name="Factorial_fpga_route_status.pb"/>
  <File Type="PA-TCL" Name="Factorial_fpga.tcl"/>
  <File Type="RDI-RDI" Name="Factorial_fpga.vdi"/>
  <File Type="PWROPT-DRC" Name="Factorial_fpga_drc_pwropted.rpt"/>
  <File Type="OPT-METHODOLOGY-DRC" Name="Factorial_fpga_methodology_drc_opted.rpt"/>
  <File Type="INIT-TIMING" Name="Factorial_fpga_timing_summary_init.rpt"/>
  <File Type="OPT-DRC" Name="Factorial_fpga_drc_opted.rpt"/>
  <File Type="PWROPT-DCP" Name="Factorial_fpga_pwropt.dcp"/>
  <File Type="OPT-HWDEF" Name="Factorial_fpga.hwdef"/>
  <File Type="OPT-TIMING" Name="Factorial_fpga_timing_summary_opted.rpt"/>
  <File Type="PWROPT-TIMING" Name="Factorial_fpga_timing_summary_pwropted.rpt"/>
  <File Type="PLACE-DCP" Name="Factorial_fpga_placed.dcp"/>
  <File Type="PLACE-IO" Name="Factorial_fpga_io_placed.rpt"/>
  <File Type="PLACE-CLK" Name="Factorial_fpga_clock_utilization_placed.rpt"/>
  <File Type="PLACE-UTIL" Name="Factorial_fpga_utilization_placed.rpt"/>
  <File Type="PLACE-UTIL-PB" Name="Factorial_fpga_utilization_placed.pb"/>
  <File Type="PLACE-CTRL" Name="Factorial_fpga_control_sets_placed.rpt"/>
  <File Type="PLACE-SIMILARITY" Name="Factorial_fpga_incremental_reuse_placed.rpt"/>
  <File Type="PLACE-PRE-SIMILARITY" Name="Factorial_fpga_incremental_reuse_pre_placed.rpt"/>
  <File Type="PLACE-TIMING" Name="Factorial_fpga_timing_summary_placed.rpt"/>
  <File Type="POSTPLACE-PWROPT-DCP" Name="Factorial_fpga_postplace_pwropt.dcp"/>
  <File Type="POSTPLACE-PWROPT-TIMING" Name="Factorial_fpga_timing_summary_postplace_pwropted.rpt"/>
  <File Type="PHYSOPT-DCP" Name="Factorial_fpga_physopt.dcp"/>
  <File Type="PHYSOPT-DRC" Name="Factorial_fpga_drc_physopted.rpt"/>
  <File Type="PHYSOPT-TIMING" Name="Factorial_fpga_timing_summary_physopted.rpt"/>
  <File Type="ROUTE-DCP" Name="Factorial_fpga_routed.dcp"/>
  <File Type="ROUTE-BLACKBOX-DCP" Name="Factorial_fpga_routed_bb.dcp"/>
  <File Type="ROUTE-DRC" Name="Factorial_fpga_drc_routed.rpt"/>
  <File Type="ROUTE-DRC-PB" Name="Factorial_fpga_drc_routed.pb"/>
  <File Type="ROUTE-METHODOLOGY-DRC" Name="Factorial_fpga_methodology_drc_routed.rpt"/>
  <File Type="BG-BIT" Name="Factorial_fpga.bit"/>
  <File Type="ROUTE-METHODOLOGY-DRC-PB" Name="Factorial_fpga_methodology_drc_routed.pb"/>
  <File Type="ROUTE-PWR" Name="Factorial_fpga_power_routed.rpt"/>
  <File Type="ROUTE-PWR-SUM" Name="Factorial_fpga_power_summary_routed.pb"/>
  <File Type="ROUTE-PWR-RPX" Name="Factorial_fpga_power_routed.rpx"/>
  <File Type="ROUTE-STATUS" Name="Factorial_fpga_route_status.rpt"/>
  <File Type="ROUTE-TIMINGSUMMARY" Name="Factorial_fpga_timing_summary_routed.rpt"/>
  <File Type="ROUTE-TIMING-PB" Name="Factorial_fpga_timing_summary_routed.pb"/>
  <File Type="ROUTE-TIMING-RPX" Name="Factorial_fpga_timing_summary_routed.rpx"/>
  <File Type="ROUTE-SIMILARITY" Name="Factorial_fpga_incremental_reuse_routed.rpt"/>
  <File Type="ROUTE-CLK" Name="Factorial_fpga_clock_utilization_routed.rpt"/>
  <File Type="POSTROUTE-PHYSOPT-DCP" Name="Factorial_fpga_postroute_physopt.dcp"/>
  <File Type="POSTROUTE-PHYSOPT-BLACKBOX-DCP" Name="Factorial_fpga_postroute_physopt_bb.dcp"/>
  <File Type="POSTROUTE-PHYSOPT-TIMING" Name="Factorial_fpga_timing_summary_postroute_physopted.rpt"/>
  <File Type="POSTROUTE-PHYSOPT-TIMING-PB" Name="Factorial_fpga_timing_summary_postroute_physopted.pb"/>
  <File Type="POSTROUTE-PHYSOPT-TIMING-RPX" Name="Factorial_fpga_timing_summary_postroute_physopted.rpx"/>
  <File Type="BG-BIN" Name="Factorial_fpga.bin"/>
  <File Type="BITSTR-MSK" Name="Factorial_fpga.msk"/>
  <File Type="BITSTR-RBT" Name="Factorial_fpga.rbt"/>
  <File Type="BITSTR-NKY" Name="Factorial_fpga.nky"/>
  <File Type="BITSTR-BMM" Name="Factorial_fpga_bd.bmm"/>
  <File Type="BITSTR-MMI" Name="Factorial_fpga.mmi"/>
  <File Type="BITSTR-SYSDEF" Name="Factorial_fpga.sysdef"/>
  <File Type="BG-BGN" Name="Factorial_fpga.bgn"/>
  <File Type="BG-DRC" Name="Factorial_fpga.drc"/>
  <File Type="WBT-USG" Name="usage_statistics_webtalk.html"/>
  <FileSet Name="sources" Type="DesignSrcs" RelSrcDir="$PSRCDIR/sources_1">
    <Filter Type="Srcs"/>
    <File Path="$PSRCDIR/sources_1/new/Alu.v">
      <FileInfo>
        <Attr Name="UsedIn" Val="synthesis"/>
        <Attr Name="UsedIn" Val="implementation"/>
        <Attr Name="UsedIn" Val="simulation"/>
      </FileInfo>
    </File>
    <File Path="$PSRCDIR/sources_1/new/Mux.v">
      <FileInfo>
        <Attr Name="UsedIn" Val="synthesis"/>
        <Attr Name="UsedIn" Val="implementation"/>
        <Attr Name="UsedIn" Val="simulation"/>
      </FileInfo>
    </File>
    <File Path="$PSRCDIR/sources_1/new/Dreg.v">
      <FileInfo>
        <Attr Name="UsedIn" Val="synthesis"/>
        <Attr Name="UsedIn" Val="implementation"/>
        <Attr Name="UsedIn" Val="simulation"/>
      </FileInfo>
    </File>
    <File Path="$PSRCDIR/sources_1/new/comparater.v">
      <FileInfo>
        <Attr Name="UsedIn" Val="synthesis"/>
        <Attr Name="UsedIn" Val="implementation"/>
        <Attr Name="UsedIn" Val="simulation"/>
      </FileInfo>
    </File>
    <File Path="$PSRCDIR/sources_1/new/Ud_Cnt_4.v">
      <FileInfo>
        <Attr Name="UsedIn" Val="synthesis"/>
        <Attr Name="UsedIn" Val="implementation"/>
        <Attr Name="UsedIn" Val="simulation"/>
      </FileInfo>
    </File>
    <File Path="$PSRCDIR/sources_1/new/bcd_to_7seg.v">
      <FileInfo>
        <Attr Name="UsedIn" Val="synthesis"/>
        <Attr Name="UsedIn" Val="implementation"/>
        <Attr Name="UsedIn" Val="simulation"/>
      </FileInfo>
    </File>
    <File Path="$PSRCDIR/sources_1/new/Factorial_DP.v">
      <FileInfo>
        <Attr Name="UsedIn" Val="synthesis"/>
        <Attr Name="UsedIn" Val="implementation"/>
        <Attr Name="UsedIn" Val="simulation"/>
      </FileInfo>
    </File>
    <File Path="$PSRCDIR/sources_1/new/Factorial_CU.v">
      <FileInfo>
        <Attr Name="UsedIn" Val="synthesis"/>
        <Attr Name="UsedIn" Val="implementation"/>
        <Attr Name="UsedIn" Val="simulation"/>
      </FileInfo>
    </File>
    <File Path="$PSRCDIR/sources_1/new/showNumber.v">
      <FileInfo>
        <Attr Name="UsedIn" Val="synthesis"/>
        <Attr Name="UsedIn" Val="implementation"/>
        <Attr Name="UsedIn" Val="simulation"/>
      </FileInfo>
    </File>
    <File Path="$PSRCDIR/sources_1/new/led_mux.v">
      <FileInfo>
        <Attr Name="UsedIn" Val="synthesis"/>
        <Attr Name="UsedIn" Val="implementation"/>
        <Attr Name="UsedIn" Val="simulation"/>
      </FileInfo>
    </File>
    <File Path="$PSRCDIR/sources_1/new/clk_gen.v">
      <FileInfo>
        <Attr Name="UsedIn" Val="synthesis"/>
        <Attr Name="UsedIn" Val="implementation"/>
        <Attr Name="UsedIn" Val="simulation"/>
      </FileInfo>
    </File>
    <File Path="$PSRCDIR/sources_1/new/button_debouncer.v">
      <FileInfo>
        <Attr Name="UsedIn" Val="synthesis"/>
        <Attr Name="UsedIn" Val="implementation"/>
        <Attr Name="UsedIn" Val="simulation"/>
      </FileInfo>
    </File>
    <File Path="$PSRCDIR/sources_1/new/bin2bcd32.v">
      <FileInfo>
        <Attr Name="UsedIn" Val="synthesis"/>
        <Attr Name="UsedIn" Val="implementation"/>
        <Attr Name="UsedIn" Val="simulation"/>
      </FileInfo>
    </File>
    <File Path="$PSRCDIR/sources_1/new/Factorial.v">
      <FileInfo>
        <Attr Name="UsedIn" Val="synthesis"/>
        <Attr Name="UsedIn" Val="implementation"/>
        <Attr Name="UsedIn" Val="simulation"/>
      </FileInfo>
    </File>
    <File Path="$PSRCDIR/sources_1/new/Factorial_fpga.v">
      <FileInfo>
        <Attr Name="UsedIn" Val="synthesis"/>
        <Attr Name="UsedIn" Val="implementation"/>
        <Attr Name="UsedIn" Val="simulation"/>
      </FileInfo>
    </File>
    <Config>
      <Option Name="DesignMode" Val="RTL"/>
      <Option Name="TopModule" Val="Factorial_fpga"/>
    </Config>
  </FileSet>
  <FileSet Name="constrs_in" Type="Constrs" RelSrcDir="$PSRCDIR/constrs_1">
    <Filter Type="Constrs"/>
    <File Path="$PSRCDIR/constrs_1/new/factorial_fpga.xdc">
      <FileInfo>
        <Attr Name="UsedIn" Val="synthesis"/>
        <Attr Name="UsedIn" Val="implementation"/>
      </FileInfo>
    </File>
    <Config>
      <Option Name="ConstrsType" Val="XDC"/>
    </Config>
  </FileSet>
  <Strategy Version="1" Minor="2">
    <StratHandle Name="Vivado Implementation Defaults" Flow="Vivado Implementation 2016"/>
    <Step Id="init_design"/>
    <Step Id="opt_design"/>
    <Step Id="power_opt_design"/>
    <Step Id="place_design"/>
    <Step Id="post_place_power_opt_design"/>
    <Step Id="phys_opt_design"/>
    <Step Id="route_design"/>
    <Step Id="post_route_phys_opt_design"/>
    <Step Id="write_bitstream"/>
  </Strategy>
</GenRun>
