<?xml version="1.0" encoding="UTF-8"?>
<GenRun Id="synth_1" LaunchPart="xc7a100tcsg324-1" LaunchTime="1512514225">
  <File Type="RDS-PROPCONSTRS" Name="Soc_Fpga_drc_synth.rpt"/>
  <File Type="PA-TCL" Name="Soc_Fpga.tcl"/>
  <File Type="RDS-RDS" Name="Soc_Fpga.vds"/>
  <File Type="RDS-UTIL" Name="Soc_Fpga_utilization_synth.rpt"/>
  <File Type="RDS-UTIL-PB" Name="Soc_Fpga_utilization_synth.pb"/>
  <File Type="RDS-DCP" Name="Soc_Fpga.dcp"/>
  <File Type="VDS-TIMINGSUMMARY" Name="Soc_Fpga_timing_summary_synth.rpt"/>
  <File Type="VDS-TIMING-PB" Name="Soc_Fpga_timing_summary_synth.pb"/>
  <FileSet Name="sources" Type="DesignSrcs" RelSrcDir="$PSRCDIR/sources_1">
    <Filter Type="Srcs"/>
    <File Path="$PSRCDIR/sources_1/new/Ud_Cnt4.v">
      <FileInfo>
        <Attr Name="ImportPath" Val="$PPRDIR/../Lab5_cmpe140/Lab5_cmpe140.srcs/sources_1/new/Ud_Cnt4.v"/>
        <Attr Name="ImportTime" Val="1512446020"/>
        <Attr Name="UsedIn" Val="synthesis"/>
        <Attr Name="UsedIn" Val="implementation"/>
        <Attr Name="UsedIn" Val="simulation"/>
      </FileInfo>
    </File>
    <File Path="$PSRCDIR/sources_1/new/fact_comparator.v">
      <FileInfo>
        <Attr Name="ImportPath" Val="$PPRDIR/../Lab5_cmpe140/Lab5_cmpe140.srcs/sources_1/new/fact_comparator.v"/>
        <Attr Name="ImportTime" Val="1512446020"/>
        <Attr Name="UsedIn" Val="synthesis"/>
        <Attr Name="UsedIn" Val="implementation"/>
        <Attr Name="UsedIn" Val="simulation"/>
      </FileInfo>
    </File>
    <File Path="$PSRCDIR/sources_1/new/fact_alu.v">
      <FileInfo>
        <Attr Name="ImportPath" Val="$PPRDIR/../Lab5_cmpe140/Lab5_cmpe140.srcs/sources_1/new/fact_alu.v"/>
        <Attr Name="ImportTime" Val="1512446020"/>
        <Attr Name="UsedIn" Val="synthesis"/>
        <Attr Name="UsedIn" Val="implementation"/>
        <Attr Name="UsedIn" Val="simulation"/>
      </FileInfo>
    </File>
    <File Path="$PSRCDIR/sources_1/new/acc_reg.v">
      <FileInfo>
        <Attr Name="ImportPath" Val="$PPRDIR/../Lab5_cmpe140/Lab5_cmpe140.srcs/sources_1/new/acc_reg.v"/>
        <Attr Name="ImportTime" Val="1512446018"/>
        <Attr Name="UsedIn" Val="synthesis"/>
        <Attr Name="UsedIn" Val="implementation"/>
        <Attr Name="UsedIn" Val="simulation"/>
      </FileInfo>
    </File>
    <File Path="$PSRCDIR/sources_1/new/acc_mux2.v">
      <FileInfo>
        <Attr Name="ImportPath" Val="$PPRDIR/../Lab5_cmpe140/Lab5_cmpe140.srcs/sources_1/new/acc_mux2.v"/>
        <Attr Name="ImportTime" Val="1512446018"/>
        <Attr Name="UsedIn" Val="synthesis"/>
        <Attr Name="UsedIn" Val="implementation"/>
        <Attr Name="UsedIn" Val="simulation"/>
      </FileInfo>
    </File>
    <File Path="$PSRCDIR/sources_1/new/acc_mux.v">
      <FileInfo>
        <Attr Name="ImportPath" Val="$PPRDIR/../Lab5_cmpe140/Lab5_cmpe140.srcs/sources_1/new/acc_mux.v"/>
        <Attr Name="ImportTime" Val="1512446018"/>
        <Attr Name="UsedIn" Val="synthesis"/>
        <Attr Name="UsedIn" Val="implementation"/>
        <Attr Name="UsedIn" Val="simulation"/>
      </FileInfo>
    </File>
    <File Path="$PSRCDIR/sources_1/new/HazardUnit.v">
      <FileInfo>
        <Attr Name="ImportPath" Val="$PPRDIR/../Lab5_cmpe140/Lab5_cmpe140.srcs/sources_1/new/HazardUnit.v"/>
        <Attr Name="ImportTime" Val="1512446020"/>
        <Attr Name="UsedIn" Val="synthesis"/>
        <Attr Name="UsedIn" Val="implementation"/>
        <Attr Name="UsedIn" Val="simulation"/>
      </FileInfo>
    </File>
    <File Path="$PSRCDIR/sources_1/new/dp_parts.v">
      <FileInfo>
        <Attr Name="ImportPath" Val="$PPRDIR/../Lab5_cmpe140/Lab5_cmpe140.srcs/sources_1/new/dp_parts.v"/>
        <Attr Name="ImportTime" Val="1512446020"/>
        <Attr Name="UsedIn" Val="synthesis"/>
        <Attr Name="UsedIn" Val="implementation"/>
        <Attr Name="UsedIn" Val="simulation"/>
      </FileInfo>
    </File>
    <File Path="$PSRCDIR/sources_1/new/fact_dp.v">
      <FileInfo>
        <Attr Name="ImportPath" Val="$PPRDIR/../Lab5_cmpe140/Lab5_cmpe140.srcs/sources_1/new/fact_dp.v"/>
        <Attr Name="ImportTime" Val="1512446020"/>
        <Attr Name="UsedIn" Val="synthesis"/>
        <Attr Name="UsedIn" Val="implementation"/>
        <Attr Name="UsedIn" Val="simulation"/>
      </FileInfo>
    </File>
    <File Path="$PSRCDIR/sources_1/new/fact_cu.v">
      <FileInfo>
        <Attr Name="ImportPath" Val="$PPRDIR/../Lab5_cmpe140/Lab5_cmpe140.srcs/sources_1/new/fact_cu.v"/>
        <Attr Name="ImportTime" Val="1512446020"/>
        <Attr Name="UsedIn" Val="synthesis"/>
        <Attr Name="UsedIn" Val="implementation"/>
        <Attr Name="UsedIn" Val="simulation"/>
      </FileInfo>
    </File>
    <File Path="$PSRCDIR/sources_1/new/cu_parts.v">
      <FileInfo>
        <Attr Name="ImportPath" Val="$PPRDIR/../Lab5_cmpe140/Lab5_cmpe140.srcs/sources_1/new/cu_parts.v"/>
        <Attr Name="ImportTime" Val="1512456224"/>
        <Attr Name="UsedIn" Val="synthesis"/>
        <Attr Name="UsedIn" Val="implementation"/>
        <Attr Name="UsedIn" Val="simulation"/>
      </FileInfo>
    </File>
    <File Path="$PSRCDIR/sources_1/new/controlunit.v">
      <FileInfo>
        <Attr Name="ImportPath" Val="$PPRDIR/../Lab5_cmpe140/Lab5_cmpe140.srcs/sources_1/new/controlunit.v"/>
        <Attr Name="ImportTime" Val="1512456222"/>
        <Attr Name="UsedIn" Val="synthesis"/>
        <Attr Name="UsedIn" Val="implementation"/>
        <Attr Name="UsedIn" Val="simulation"/>
      </FileInfo>
    </File>
    <File Path="$PSRCDIR/sources_1/new/datapath.v">
      <FileInfo>
        <Attr Name="ImportPath" Val="$PPRDIR/../Lab5_cmpe140/Lab5_cmpe140.srcs/sources_1/new/datapath.v"/>
        <Attr Name="ImportTime" Val="1512448990"/>
        <Attr Name="UsedIn" Val="synthesis"/>
        <Attr Name="UsedIn" Val="implementation"/>
        <Attr Name="UsedIn" Val="simulation"/>
      </FileInfo>
    </File>
    <File Path="$PSRCDIR/sources_1/new/gpio_dff.v">
      <FileInfo>
        <Attr Name="ImportPath" Val="$PPRDIR/../Lab5_cmpe140/Lab5_cmpe140.srcs/sources_1/new/gpio_dff.v"/>
        <Attr Name="ImportTime" Val="1512446020"/>
        <Attr Name="UsedIn" Val="synthesis"/>
        <Attr Name="UsedIn" Val="implementation"/>
        <Attr Name="UsedIn" Val="simulation"/>
      </FileInfo>
    </File>
    <File Path="$PSRCDIR/sources_1/new/gpio_Ad.v">
      <FileInfo>
        <Attr Name="ImportPath" Val="$PPRDIR/../Lab5_cmpe140/Lab5_cmpe140.srcs/sources_1/new/gpio_Ad.v"/>
        <Attr Name="ImportTime" Val="1512446020"/>
        <Attr Name="UsedIn" Val="synthesis"/>
        <Attr Name="UsedIn" Val="implementation"/>
        <Attr Name="UsedIn" Val="simulation"/>
      </FileInfo>
    </File>
    <File Path="$PSRCDIR/sources_1/new/fact_result_reg.v">
      <FileInfo>
        <Attr Name="ImportPath" Val="$PPRDIR/../Lab5_cmpe140/Lab5_cmpe140.srcs/sources_1/new/fact_result_reg.v"/>
        <Attr Name="ImportTime" Val="1512446020"/>
        <Attr Name="UsedIn" Val="synthesis"/>
        <Attr Name="UsedIn" Val="implementation"/>
        <Attr Name="UsedIn" Val="simulation"/>
      </FileInfo>
    </File>
    <File Path="$PSRCDIR/sources_1/new/fact_reg.v">
      <FileInfo>
        <Attr Name="ImportPath" Val="$PPRDIR/../Lab5_cmpe140/Lab5_cmpe140.srcs/sources_1/new/fact_reg.v"/>
        <Attr Name="ImportTime" Val="1512446020"/>
        <Attr Name="UsedIn" Val="synthesis"/>
        <Attr Name="UsedIn" Val="implementation"/>
        <Attr Name="UsedIn" Val="simulation"/>
      </FileInfo>
    </File>
    <File Path="$PSRCDIR/sources_1/new/fact_mux.v">
      <FileInfo>
        <Attr Name="ImportPath" Val="$PPRDIR/../Lab5_cmpe140/Lab5_cmpe140.srcs/sources_1/new/fact_mux.v"/>
        <Attr Name="ImportTime" Val="1512446020"/>
        <Attr Name="UsedIn" Val="synthesis"/>
        <Attr Name="UsedIn" Val="implementation"/>
        <Attr Name="UsedIn" Val="simulation"/>
      </FileInfo>
    </File>
    <File Path="$PSRCDIR/sources_1/new/fact_error_reg.v">
      <FileInfo>
        <Attr Name="ImportPath" Val="$PPRDIR/../Lab5_cmpe140/Lab5_cmpe140.srcs/sources_1/new/fact_error_reg.v"/>
        <Attr Name="ImportTime" Val="1512446020"/>
        <Attr Name="UsedIn" Val="synthesis"/>
        <Attr Name="UsedIn" Val="implementation"/>
        <Attr Name="UsedIn" Val="simulation"/>
      </FileInfo>
    </File>
    <File Path="$PSRCDIR/sources_1/new/fact_dff4.v">
      <FileInfo>
        <Attr Name="ImportPath" Val="$PPRDIR/../Lab5_cmpe140/Lab5_cmpe140.srcs/sources_1/new/fact_dff4.v"/>
        <Attr Name="ImportTime" Val="1512446020"/>
        <Attr Name="UsedIn" Val="synthesis"/>
        <Attr Name="UsedIn" Val="implementation"/>
        <Attr Name="UsedIn" Val="simulation"/>
      </FileInfo>
    </File>
    <File Path="$PSRCDIR/sources_1/new/fact_dff.v">
      <FileInfo>
        <Attr Name="ImportPath" Val="$PPRDIR/../Lab5_cmpe140/Lab5_cmpe140.srcs/sources_1/new/fact_dff.v"/>
        <Attr Name="ImportTime" Val="1512446020"/>
        <Attr Name="UsedIn" Val="synthesis"/>
        <Attr Name="UsedIn" Val="implementation"/>
        <Attr Name="UsedIn" Val="simulation"/>
      </FileInfo>
    </File>
    <File Path="$PSRCDIR/sources_1/new/fact_ad.v">
      <FileInfo>
        <Attr Name="ImportPath" Val="$PPRDIR/../Lab5_cmpe140/Lab5_cmpe140.srcs/sources_1/new/fact_ad.v"/>
        <Attr Name="ImportTime" Val="1512446020"/>
        <Attr Name="UsedIn" Val="synthesis"/>
        <Attr Name="UsedIn" Val="implementation"/>
        <Attr Name="UsedIn" Val="simulation"/>
      </FileInfo>
    </File>
    <File Path="$PSRCDIR/sources_1/new/Factorial_Accelerator.v">
      <FileInfo>
        <Attr Name="ImportPath" Val="$PPRDIR/../Lab5_cmpe140/Lab5_cmpe140.srcs/sources_1/new/Factorial_Accelerator.v"/>
        <Attr Name="ImportTime" Val="1512446020"/>
        <Attr Name="UsedIn" Val="synthesis"/>
        <Attr Name="UsedIn" Val="implementation"/>
        <Attr Name="UsedIn" Val="simulation"/>
      </FileInfo>
    </File>
    <File Path="$PSRCDIR/sources_1/new/mips.v">
      <FileInfo>
        <Attr Name="ImportPath" Val="$PPRDIR/../Lab5_cmpe140/Lab5_cmpe140.srcs/sources_1/new/mips.v"/>
        <Attr Name="ImportTime" Val="1512456218"/>
        <Attr Name="UsedIn" Val="synthesis"/>
        <Attr Name="UsedIn" Val="implementation"/>
        <Attr Name="UsedIn" Val="simulation"/>
      </FileInfo>
    </File>
    <File Path="$PSRCDIR/sources_1/new/mem_parts.v">
      <FileInfo>
        <Attr Name="ImportPath" Val="$PPRDIR/../Lab5_cmpe140/Lab5_cmpe140.srcs/sources_1/new/mem_parts.v"/>
        <Attr Name="ImportTime" Val="1512446020"/>
        <Attr Name="UsedIn" Val="synthesis"/>
        <Attr Name="UsedIn" Val="implementation"/>
        <Attr Name="UsedIn" Val="simulation"/>
      </FileInfo>
    </File>
    <File Path="$PSRCDIR/sources_1/new/top_GPIO.v">
      <FileInfo>
        <Attr Name="ImportPath" Val="$PPRDIR/../Lab5_cmpe140/Lab5_cmpe140.srcs/sources_1/new/top_GPIO.v"/>
        <Attr Name="ImportTime" Val="1512446020"/>
        <Attr Name="UsedIn" Val="synthesis"/>
        <Attr Name="UsedIn" Val="implementation"/>
        <Attr Name="UsedIn" Val="simulation"/>
      </FileInfo>
    </File>
    <File Path="$PSRCDIR/sources_1/new/top_Factorial_Accelerator.v">
      <FileInfo>
        <Attr Name="ImportPath" Val="$PPRDIR/../Lab5_cmpe140/Lab5_cmpe140.srcs/sources_1/new/top_Factorial_Accelerator.v"/>
        <Attr Name="ImportTime" Val="1512446020"/>
        <Attr Name="UsedIn" Val="synthesis"/>
        <Attr Name="UsedIn" Val="implementation"/>
        <Attr Name="UsedIn" Val="simulation"/>
      </FileInfo>
    </File>
    <File Path="$PSRCDIR/sources_1/new/topDecoder.v">
      <FileInfo>
        <Attr Name="ImportPath" Val="$PPRDIR/../Lab5_cmpe140/Lab5_cmpe140.srcs/sources_1/new/topDecoder.v"/>
        <Attr Name="ImportTime" Val="1512446020"/>
        <Attr Name="UsedIn" Val="synthesis"/>
        <Attr Name="UsedIn" Val="implementation"/>
        <Attr Name="UsedIn" Val="simulation"/>
      </FileInfo>
    </File>
    <File Path="$PSRCDIR/sources_1/new/Soc_mux.v">
      <FileInfo>
        <Attr Name="ImportPath" Val="$PPRDIR/../Lab5_cmpe140/Lab5_cmpe140.srcs/sources_1/new/Soc_mux.v"/>
        <Attr Name="ImportTime" Val="1512446020"/>
        <Attr Name="UsedIn" Val="synthesis"/>
        <Attr Name="UsedIn" Val="implementation"/>
        <Attr Name="UsedIn" Val="simulation"/>
      </FileInfo>
    </File>
    <File Path="$PSRCDIR/sources_1/new/utility.v">
      <FileInfo>
        <Attr Name="ImportPath" Val="$PPRDIR/../Lab5_cmpe140/Lab5_cmpe140.srcs/sources_1/new/utility.v"/>
        <Attr Name="ImportTime" Val="1512446020"/>
        <Attr Name="UsedIn" Val="synthesis"/>
        <Attr Name="UsedIn" Val="implementation"/>
        <Attr Name="UsedIn" Val="simulation"/>
      </FileInfo>
    </File>
    <File Path="$PSRCDIR/sources_1/new/soc_system.v">
      <FileInfo>
        <Attr Name="ImportPath" Val="$PPRDIR/../Lab5_cmpe140/Lab5_cmpe140.srcs/sources_1/new/soc_system.v"/>
        <Attr Name="ImportTime" Val="1512448988"/>
        <Attr Name="UsedIn" Val="synthesis"/>
        <Attr Name="UsedIn" Val="implementation"/>
        <Attr Name="UsedIn" Val="simulation"/>
      </FileInfo>
    </File>
    <File Path="$PSRCDIR/sources_1/new/Soc_Fpga.v">
      <FileInfo>
        <Attr Name="ImportPath" Val="$PPRDIR/../Lab5_cmpe140/Lab5_cmpe140.srcs/sources_1/new/Soc_Fpga.v"/>
        <Attr Name="ImportTime" Val="1512446020"/>
        <Attr Name="UsedIn" Val="synthesis"/>
        <Attr Name="UsedIn" Val="implementation"/>
        <Attr Name="UsedIn" Val="simulation"/>
      </FileInfo>
    </File>
    <File Path="$PSRCDIR/sources_1/new/mips_top.v">
      <FileInfo>
        <Attr Name="AutoDisabled" Val="1"/>
        <Attr Name="ImportPath" Val="$PPRDIR/../Lab5_cmpe140/Lab5_cmpe140.srcs/sources_1/new/mips_top.v"/>
        <Attr Name="ImportTime" Val="1512446020"/>
        <Attr Name="UsedIn" Val="synthesis"/>
        <Attr Name="UsedIn" Val="implementation"/>
        <Attr Name="UsedIn" Val="simulation"/>
      </FileInfo>
    </File>
    <File Path="$PSRCDIR/sources_1/new/fact_mul.v">
      <FileInfo>
        <Attr Name="AutoDisabled" Val="1"/>
        <Attr Name="ImportPath" Val="$PPRDIR/../Lab5_cmpe140/Lab5_cmpe140.srcs/sources_1/new/fact_mul.v"/>
        <Attr Name="ImportTime" Val="1512446020"/>
        <Attr Name="UsedIn" Val="synthesis"/>
        <Attr Name="UsedIn" Val="implementation"/>
        <Attr Name="UsedIn" Val="simulation"/>
      </FileInfo>
    </File>
    <File Path="$PSRCDIR/sources_1/new/convert_to_signed.v">
      <FileInfo>
        <Attr Name="AutoDisabled" Val="1"/>
        <Attr Name="ImportPath" Val="$PPRDIR/../Lab5_cmpe140/Lab5_cmpe140.srcs/sources_1/new/convert_to_signed.v"/>
        <Attr Name="ImportTime" Val="1512446020"/>
        <Attr Name="UsedIn" Val="synthesis"/>
        <Attr Name="UsedIn" Val="implementation"/>
        <Attr Name="UsedIn" Val="simulation"/>
      </FileInfo>
    </File>
    <File Path="$PSRCDIR/sources_1/new/mips_fpga.v">
      <FileInfo>
        <Attr Name="AutoDisabled" Val="1"/>
        <Attr Name="ImportPath" Val="$PPRDIR/../Lab5_cmpe140/Lab5_cmpe140.srcs/sources_1/new/mips_fpga.v"/>
        <Attr Name="ImportTime" Val="1512446020"/>
        <Attr Name="UsedIn" Val="synthesis"/>
        <Attr Name="UsedIn" Val="implementation"/>
        <Attr Name="UsedIn" Val="simulation"/>
      </FileInfo>
    </File>
    <File Path="$PSRCDIR/sources_1/new/Comparator_GT.v">
      <FileInfo>
        <Attr Name="AutoDisabled" Val="1"/>
        <Attr Name="ImportPath" Val="$PPRDIR/../Lab5_cmpe140/Lab5_cmpe140.srcs/sources_1/new/Comparator_GT.v"/>
        <Attr Name="ImportTime" Val="1512446018"/>
        <Attr Name="UsedIn" Val="synthesis"/>
        <Attr Name="UsedIn" Val="implementation"/>
        <Attr Name="UsedIn" Val="simulation"/>
      </FileInfo>
    </File>
    <File Path="$PSRCDIR/sources_1/new/mips_Ad.v">
      <FileInfo>
        <Attr Name="AutoDisabled" Val="1"/>
        <Attr Name="ImportPath" Val="$PPRDIR/../Lab5_cmpe140/Lab5_cmpe140.srcs/sources_1/new/mips_Ad.v"/>
        <Attr Name="ImportTime" Val="1512446020"/>
        <Attr Name="UsedIn" Val="synthesis"/>
        <Attr Name="UsedIn" Val="implementation"/>
        <Attr Name="UsedIn" Val="simulation"/>
      </FileInfo>
    </File>
    <Config>
      <Option Name="DesignMode" Val="RTL"/>
      <Option Name="TopModule" Val="Soc_Fpga"/>
    </Config>
  </FileSet>
  <FileSet Name="constrs_in" Type="Constrs" RelSrcDir="$PSRCDIR/constrs_1">
    <Filter Type="Constrs"/>
    <File Path="$PSRCDIR/constrs_1/new/mips_fpga.xdc">
      <FileInfo>
        <Attr Name="ImportPath" Val="$PPRDIR/../Lab5_cmpe140/Lab5_cmpe140.srcs/constrs_1/new/mips_fpga.xdc"/>
        <Attr Name="ImportTime" Val="1512446018"/>
        <Attr Name="UsedIn" Val="synthesis"/>
        <Attr Name="UsedIn" Val="implementation"/>
      </FileInfo>
    </File>
    <File Path="$PSRCDIR/constrs_1/new/Soc_Fpga.xdc">
      <FileInfo>
        <Attr Name="ImportPath" Val="$PPRDIR/../Lab5_cmpe140/Lab5_cmpe140.srcs/constrs_1/new/Soc_Fpga.xdc"/>
        <Attr Name="ImportTime" Val="1512446018"/>
        <Attr Name="UsedIn" Val="synthesis"/>
        <Attr Name="UsedIn" Val="implementation"/>
      </FileInfo>
    </File>
    <Config>
      <Option Name="ConstrsType" Val="XDC"/>
    </Config>
  </FileSet>
  <Strategy Version="1" Minor="2">
    <StratHandle Name="Vivado Synthesis Defaults" Flow="Vivado Synthesis 2016"/>
    <Step Id="synth_design"/>
  </Strategy>
</GenRun>
